{
  "initialization_time_planning": 0.11914944648742676,
  "execution_time_planning": 44.05966114997864,
  "total_time": 44.178810596466064
}