{
  "initialization_time_planning": 0.14354681968688965,
  "execution_time_planning": 46.63378620147705,
  "total_time": 46.77733302116394
}