{
  "initialization_time_control": 0.12677478790283203,
  "execution_time_control": 208.7040982246399,
  "total_time": 208.83087301254272
}