{
  "initialization_time_control": 0.10756754875183105,
  "execution_time_control": 95.58445692062378,
  "total_time": 95.69202446937561
}