{
  "initialization_time_control": 0.1168222427368164,
  "execution_time_control": 271.07290291786194,
  "total_time": 271.18972516059875
}