{
  "initialization_time_control": 0.11831212043762207,
  "execution_time_control": 227.99749660491943,
  "total_time": 228.11580872535706
}