{
  "initialization_time_control": 0.13035988807678223,
  "execution_time_control": 153.54151821136475,
  "total_time": 153.67187809944153
}