{
  "initialization_time_control": 0.12098860740661621,
  "execution_time_control": 188.4594976902008,
  "total_time": 188.58048629760742
}