{
  "initialization_time_control": 0.15146708488464355,
  "execution_time_control": 180.075599193573,
  "total_time": 180.22706627845764
}