{
  "initialization_time_control": 0.123931884765625,
  "execution_time_control": 262.50271248817444,
  "total_time": 262.62664437294006
}