{
  "initialization_time_control": 0.1140744686126709,
  "execution_time_control": 216.1826150417328,
  "total_time": 216.29668951034546
}