{
  "initialization_time_control": 0.11224651336669922,
  "execution_time_control": 101.62608814239502,
  "total_time": 101.73833465576172
}