{
  "initialization_time_control": 0.15682649612426758,
  "execution_time_control": 133.34145712852478,
  "total_time": 133.49828362464905
}