{
  "initialization_time_control": 0.11695027351379395,
  "execution_time_control": 212.41888618469238,
  "total_time": 212.53583645820618
}