{
  "initialization_time_control": 0.10762405395507812,
  "execution_time_control": 181.83652210235596,
  "total_time": 181.94414615631104
}