{
  "initialization_time_control": 0.15701889991760254,
  "execution_time_control": 122.90444612503052,
  "total_time": 123.06146502494812
}