{
  "initialization_time_control": 0.11202716827392578,
  "execution_time_control": 318.38617730140686,
  "total_time": 318.4982044696808
}