{
  "initialization_time_control": 0.15633654594421387,
  "execution_time_control": 290.21106004714966,
  "total_time": 290.3673965930939
}