{
  "initialization_time_control": 0.1174306869506836,
  "execution_time_control": 263.989679813385,
  "total_time": 264.1071105003357
}