{
  "initialization_time_control": 0.15789389610290527,
  "execution_time_control": 546.8035264015198,
  "total_time": 546.9614202976227
}