{
  "initialization_time_control": 0.14904546737670898,
  "execution_time_control": 158.65714478492737,
  "total_time": 158.80619025230408
}