{
  "initialization_time_control": 0.10606622695922852,
  "execution_time_control": 25.14148712158203,
  "total_time": 25.24755334854126
}