{
  "initialization_time_control": 0.11413192749023438,
  "execution_time_control": 150.66545224189758,
  "total_time": 150.77958416938782
}