{
  "initialization_time_control": 0.10795354843139648,
  "execution_time_control": 290.4654965400696,
  "total_time": 290.573450088501
}