{
  "initialization_time_control": 0.13112926483154297,
  "execution_time_control": 149.4132559299469,
  "total_time": 149.54438519477844
}