{
  "initialization_time_control": 0.14754986763000488,
  "execution_time_control": 295.2942831516266,
  "total_time": 295.4418330192566
}