{
  "initialization_time_control": 0.13189339637756348,
  "execution_time_control": 435.3440430164337,
  "total_time": 435.4759364128113
}