{
  "initialization_time_control": 0.13254904747009277,
  "execution_time_control": 301.4627847671509,
  "total_time": 301.595333814621
}