{
  "initialization_time_control": 0.13147377967834473,
  "execution_time_control": 166.90109515190125,
  "total_time": 167.0325689315796
}