{
  "initialization_time_control": 0.12432408332824707,
  "execution_time_control": 201.43627834320068,
  "total_time": 201.56060242652893
}