{
  "initialization_time_control": 0.12146759033203125,
  "execution_time_control": 124.22095012664795,
  "total_time": 124.34241771697998
}