{
  "initialization_time_control": 0.15558648109436035,
  "execution_time_control": 225.01616430282593,
  "total_time": 225.1717507839203
}