{
  "initialization_time_control": 0.12804794311523438,
  "execution_time_control": 136.74281120300293,
  "total_time": 136.87085914611816
}