{
  "initialization_time_planning": 0.15335798263549805,
  "execution_time_planning": 44.17882442474365,
  "total_time": 44.33218240737915
}