{
  "initialization_time_planning": 0.1397380828857422,
  "execution_time_planning": 56.86813545227051,
  "total_time": 57.00787353515625
}