{
  "initialization_time_control": 0.13237905502319336,
  "execution_time_control": 116.9693956375122,
  "total_time": 117.1017746925354
}