{
  "initialization_time_control": 0.1146695613861084,
  "execution_time_control": 115.9899115562439,
  "total_time": 116.10458111763
}