{
  "initialization_time_control": 0.11160111427307129,
  "execution_time_control": 312.476952791214,
  "total_time": 312.58855390548706
}