{
  "initialization_time_control": 0.12740564346313477,
  "execution_time_control": 231.36271214485168,
  "total_time": 231.49011778831482
}