{
  "initialization_time_control": 0.12129831314086914,
  "execution_time_control": 123.66162753105164,
  "total_time": 123.7829258441925
}