{
  "initialization_time_control": 0.1273634433746338,
  "execution_time_control": 157.35641813278198,
  "total_time": 157.48378157615662
}