{
  "initialization_time_control": 0.12228274345397949,
  "execution_time_control": 175.27793717384338,
  "total_time": 175.40021991729736
}