{
  "initialization_time_planning": 0.13394713401794434,
  "execution_time_planning": 50.76105618476868,
  "total_time": 50.89500331878662
}