{
  "initialization_time_control": 0.10874438285827637,
  "execution_time_control": 495.6005094051361,
  "total_time": 495.7092537879944
}