{
  "initialization_time_control": 0.15169286727905273,
  "execution_time_control": 164.95249271392822,
  "total_time": 165.10418558120728
}