{
  "initialization_time_planning": 0.14121484756469727,
  "execution_time_planning": 44.83313298225403,
  "total_time": 44.974347829818726
}