{
  "initialization_time_control": 0.12526297569274902,
  "execution_time_control": 136.9646852016449,
  "total_time": 137.08994817733765
}