{
  "initialization_time_control": 0.11026835441589355,
  "execution_time_control": 150.1627697944641,
  "total_time": 150.27303814888
}