{
  "initialization_time_control": 0.14859557151794434,
  "execution_time_control": 219.2570493221283,
  "total_time": 219.40564489364624
}