{
  "initialization_time_control": 0.1246335506439209,
  "execution_time_control": 144.4144208431244,
  "total_time": 144.5390543937683
}