{
  "initialization_time_control": 0.149855375289917,
  "execution_time_control": 155.44857501983643,
  "total_time": 155.59843039512634
}