{
  "initialization_time_control": 0.11983036994934082,
  "execution_time_control": 255.45414066314697,
  "total_time": 255.5739710330963
}