{
  "initialization_time_control": 0.11019587516784668,
  "execution_time_control": 183.67368507385254,
  "total_time": 183.78388094902039
}