{
  "initialization_time_control": 0.11162495613098145,
  "execution_time_control": 88.71308040618896,
  "total_time": 88.82470536231995
}