{
  "initialization_time_control": 0.11638021469116211,
  "execution_time_control": 354.74740290641785,
  "total_time": 354.863783121109
}