{
  "initialization_time_control": 0.1525282859802246,
  "execution_time_control": 89.6151270866394,
  "total_time": 89.76765537261963
}