{
  "initialization_time_control": 0.10770678520202637,
  "execution_time_control": 195.4862425327301,
  "total_time": 195.59394931793213
}