{
  "initialization_time_planning": 0.13611054420471191,
  "execution_time_planning": 39.45088744163513,
  "total_time": 39.586997985839844
}